<?xml version="1.0" encoding="UTF-8"?>
<beans xmlns="http://www.springframework.org/schema/beans"
       xmlns:xsi="http://www.w3.org/2001/XMLSchema-instance"
       xmlns:aop="http://www.springframework.org/schema/aop"
       xmlns:context="http://www.springframework.org/schema/context"
       xsi:schemaLocation="http://www.springframework.org/schema/beans
   http://www.springframework.org/schema/beans/spring-beans-3.0.xsd
   http://www.springframework.org/schema/aop
   http://www.springframework.org/schema/aop/spring-aop-3.0.xsd http://www.springframework.org/schema/context http://www.springframework.org/schema/context/spring-context.xsd">

    <!--WITH XML WAY-->
    <bean id="obj" class="com.example.javabasic.day14.springAOP.program1.AOPProgram1"></bean><!--TARGET-->
    <bean id="ba" class="com.example.javabasic.day14.springAOP.program1.BeforeAdvisor"></bean><!--ASPECT-->

    <bean id="proxy" class="org.springframework.aop.framework.ProxyFactoryBean">
        <property name="target" ref="obj"></property>
        <property name="interceptorNames">
            <list>
                <value>ba</value><!--Aspect-->
            </list>
        </property>
    </bean>


    <!--WITH ANNOTATION-->
    <bean id="opBean"
          class="com.example.javabasic.day14.springAOP.program2.Operation">
    </bean>
    <bean id="trackMyBean"
          class="com.example.javabasic.day14.springAOP.program2.TrackOperation">
    </bean>

    <bean
            class="org.springframework.aop.aspectj.annotation.AnnotationAwareAspectJAutoProxyCreator">
    </bean>


</beans>
