<?xml version="1.0" encoding="UTF-8"?>
<beans xmlns="http://www.springframework.org/schema/beans"
       xmlns:xsi="http://www.w3.org/2001/XMLSchema-instance"
       xsi:schemaLocation="
http://www.springframework.org/schema/beans http://www.springframework.org/schema/beans/spring-beans-4.0.xsd">

    <!--
        <bean id="MyXMLApp" class="com.example.javabasic.day11_12.springCore.program7.MyXMLApplication">
            <constructor-arg>
                <bean class="com.example.javabasic.day11_12.springCore.program7.TwitterService" />
            </constructor-arg>
        </bean>
    -->
    <bean id="twitter" class="com.example.javabasic.day11_12.springCore.program7.TwitterService"></bean>
    <bean id="email" class="com.example.javabasic.day11_12.springCore.program7.EmailService"></bean>
    <bean id="MyXMLApp" class="com.example.javabasic.day11_12.springCore.program7.MyXMLApplication">
    <property name="service" ref="email"></property>
    </bean>
</beans>
