<?xml version="1.0" encoding="UTF-8"?>
<beans
        xmlns="http://www.springframework.org/schema/beans"
        xmlns:xsi="http://www.w3.org/2001/XMLSchema-instance"
        xmlns:p="http://www.springframework.org/schema/p"
        xsi:schemaLocation="http://www.springframework.org/schema/beans
http://www.springframework.org/schema/beans/spring-beans-3.0.xsd">

    <bean id="ds" class="org.springframework.jdbc.datasource.DriverManagerDataSource">
        <property name="driverClassName" value="com.mysql.jdbc.Driver" />
        <!--<property name="url" value="jdbc:mysql://localhost:3306/cgidb?useSSL=false" />-->
        <property name="url" value="jdbc:mysql://localhost:3306/cgidb" />
        <property name="username" value="root" />
        <property name="password" value="root" />
    </bean>

    <bean id="jdbcTemplate" class="org.springframework.jdbc.core.JdbcTemplate">
        <property name="dataSource" ref="ds"></property>
    </bean>

    <bean id="edao" class="com.example.javabasic.day15.springJDBC.program1.EmployeeDao">
        <property name="jdbcTemplate" ref="jdbcTemplate"></property>
    </bean>

    <!--H2 DB-->
<!--    <bean id="h2ds" class="org.springframework.jdbc.datasource.DriverManagerDataSource">-->
<!--        <property name="driverClassName" value="org.h2.Driver" />-->
<!--        <property name="url" value="jdbc:h2:mem:cgidb" />-->
<!--        <property name="username" value="sa" />-->
<!--        <property name="password" value="sa" />-->
<!--    </bean>-->

<!--    <bean id="h2jdbcTemplate" class="org.springframework.jdbc.core.JdbcTemplate">-->
<!--        <property name="dataSource" ref="h2ds"></property>-->
<!--    </bean>-->

<!--    <bean id="h2edao" class="com.example.javabasic.day15.springJDBC.program1.EmployeeDao">-->
<!--        <property name="jdbcTemplate" ref="h2jdbcTemplate"></property>-->
<!--    </bean>-->

</beans>
